DATE,URL,R_avg,G_avg,B_avg,R_std,G_std,B_std,range,genre,historical,interior,landscape,mythological,other,portrait,religious,still-life,study
1552,https://www.wga.hu/art/s/salviati/3/1view1.jpg,141.28213943229767,113.97306578442654,96.35905734560798,58.9123522265631,50.5926984822783,47.4609256940311,254.99999999999997,0,0,0,0,0,0,0,1,0,0
1564,https://www.wga.hu/art/t/tintoret/3b/1albergo/1/02ceilin.jpg,98.24210220338423,82.01022940924234,68.80572265560576,75.65325426694864,73.93731914704146,77.67998066582662,230.94,0,0,0,0,1,0,0,0,0,0
1744,https://www.wga.hu/art/p/pannini/preachin.jpg,100.71793677261137,88.81004713838999,71.46112886048988,56.003215141334316,58.26077414308408,55.43419416587918,242.92299999999997,0,0,0,0,0,0,0,1,0,0
1889,https://www.wga.hu/art/g/gogh_van/16/selfpo31.jpg,90.0288047285464,94.60333500125094,73.31411996497373,62.289342151319346,58.177565858869116,44.73817724162772,253.206,0,0,0,0,0,0,1,0,0,0
1526,https://www.wga.hu/art/g/giulio/1pala_te/psyche/5vault4.jpg,126.47747325457183,91.60498875974554,58.64244351971429,61.84084229459113,51.696961279517176,43.37240693621985,253.74599999999998,0,0,0,0,1,0,0,0,0,0
1480,https://www.wga.hu/art/a/alesso/annuncia.jpg,104.84188747007182,89.66891916543153,70.0463493330293,39.76334901292716,31.89087746260748,27.942973545467964,234.343,0,0,0,0,0,0,0,1,0,0
1866,https://www.wga.hu/art/d/degas/1/early19.jpg,125.7095745318352,113.4587415730337,98.6095288389513,64.19981373033715,67.29295903135326,76.59319376272451,252.93999999999997,0,0,0,0,0,1,0,0,0,0
1538,https://www.wga.hu/art/g/giulio/ducale/1troia3.jpg,146.06295286195285,123.07792508417508,108.85253787878789,56.94973183544494,55.69165211583954,54.97300551078808,254.41299999999998,0,0,1,0,0,0,0,0,0,0
1507,https://www.wga.hu/art/r/raphael/2firenze/2/34ardin.jpg,112.67756874939268,92.46754639976679,82.99388397628996,76.70477521548473,74.31382984808401,74.7905982860089,254.772,0,0,0,0,0,0,0,1,0,0
1460,https://www.wga.hu/art/p/piero/1/3anton02.jpg,161.216127433936,114.23369175938804,67.16399600139081,65.42963072915606,59.19017112147666,44.8017736817016,252.90699999999998,0,0,0,0,0,0,0,1,0,0
1778,https://www.wga.hu/art/w/west/la_hogue.jpg,92.2648801903824,77.10771130805843,58.9041038897095,51.30528804905729,42.99728569726293,31.857604368154128,252.94799999999998,0,1,0,0,0,0,0,0,0,0
1885,https://www.wga.hu/art/p/prouve/cicada.jpg,86.14323588525488,82.3052475790243,81.46212040928192,41.59626775072231,42.76027734601494,42.62707318538764,251.327,0,0,0,0,0,1,0,0,0,0
1483,https://www.wga.hu/art/b/botticel/7portrai/10youngm.jpg,50.63090070210632,33.68816850551655,30.587107990638582,51.783144883509955,42.64775005307383,27.806098148501626,239.364,0,0,0,0,0,0,1,0,0,0
1595,https://www.wga.hu/art/c/caravagg/01/06concer.jpg,92.35042585947191,70.84227693602693,61.94658389450056,68.98105228249118,60.92642722583407,52.04553692012066,254.54399999999998,1,0,0,0,0,0,0,0,0,0
1550,https://www.wga.hu/art/m/massys/jan/healing.jpg,114.22790414049638,90.49940392706873,75.32471187267517,70.92863015961619,64.25329671731592,55.65812401107165,254.772,0,0,0,0,0,0,0,1,0,0
1474,https://www.wga.hu/art/a/antonell/manportr.jpg,60.572077596996245,40.34573717146433,38.267650813516894,66.52927556307576,45.26433286831393,31.76213059624996,251.33499999999998,0,0,0,0,0,0,1,0,0,0
1565,https://www.wga.hu/art/b/bruegel/pieter_e/07/21novemb.jpg,86.80251800720288,60.803031212484996,44.26342336934774,62.50802413046229,57.11012848458352,47.30962587217632,254.20199999999997,0,0,0,1,0,0,0,0,0,0
1888,https://www.wga.hu/art/g/gogh_van/08/1arles04.jpg,111.14757578065499,142.76850038080732,133.45692916984007,48.456772687173896,47.6703851906492,61.22394708832639,254.42999999999998,0,0,0,1,0,0,0,0,0,0
1375,https://www.wga.hu/art/c/catarino/coronatj.jpg,143.67643800020787,82.42508471052905,40.421565325849706,51.57295052780944,35.82191193539215,16.83478823014379,236.017,0,0,0,0,0,0,0,1,0,0
1656,https://www.wga.hu/art/c/cortona/4/10gangel.jpg,82.75906995022268,65.47704872936862,55.50017815037988,71.91370487817532,65.25719439107127,56.104744685097245,254.70099999999996,0,0,0,0,0,0,0,1,0,0
1315,https://www.wga.hu/art/g/giotto/s_croce/1peruzzi/baptis21.jpg,153.95373134328358,136.49794029850747,103.12792039800995,46.58633370137053,40.428042937926115,35.62144468267059,229.51899999999998,0,0,0,0,0,0,0,1,0,0
1360,https://www.wga.hu/art/g/gaddi/taddeo/other/2refecto.jpg,81.73637801010845,68.85292905426412,64.83319357961965,53.94041140014645,50.19428029703568,48.79110828386249,254.99999999999997,0,0,0,0,0,0,0,1,0,0
1452,https://www.wga.hu/art/p/piero/2/2/2proce16.jpg,144.7821265690831,120.10169974952584,105.49387424170033,72.18912921687236,61.147241249547115,52.0097267731663,254.99999999999997,0,0,0,0,0,0,0,1,0,0
1490,https://www.wga.hu/art/c/coter/baptism.jpg,98.08521049420378,72.51088590604027,63.165333740085416,52.017391043961105,49.243968828677836,47.97904051962606,254.70099999999996,0,0,0,0,0,0,0,1,0,0
1522,https://www.wga.hu/art/p/pontormo/3/02madonn.jpg,112.75716484268126,79.69446876424989,72.04481988144094,55.65425304276004,41.809874072432066,35.05530338376484,236.65499999999997,0,0,0,0,0,0,0,1,0,0
1651,https://www.wga.hu/art/t/teniers/jan2/1/gallery4.jpg,94.5277668944571,66.50084130599848,55.84462186788155,51.54880942289131,44.045325976434896,37.05320098854978,253.957,0,0,1,0,0,0,0,0,0,0
1596,https://www.wga.hu/art/v/vredeman/son/interior.jpg,102.97072076612903,91.67809811827956,77.49912466397849,54.41369823580174,53.23896919430442,47.904304346330186,253.63199999999998,0,0,1,0,0,0,0,0,0,0
1791,https://www.wga.hu/art/t/tiepolo/giandome/2/13zianig.jpg,139.76372074074075,128.22897407407407,123.56169851851851,50.54349957362155,54.45665902674239,64.04653332015597,254.99999999999997,1,0,0,0,0,0,0,0,0,0
1489,https://www.wga.hu/art/m/memling/4ursula/36ursu.jpg,134.40062685919287,106.83837118745771,83.96846553551138,52.0215768512949,53.98189418839615,46.08892382371848,253.74599999999998,0,0,0,0,0,0,0,1,0,0
1658,https://www.wga.hu/art/s/steen/page1/doctor_v.jpg,84.01076828026928,59.76742592455462,51.52114696608152,58.7400554369934,44.944100252636424,33.47402305790287,253.088,1,0,0,0,0,0,0,0,0,0
1526,https://www.wga.hu/art/g/giulio/1pala_te/giganti/0view2.jpg,111.01816740054517,90.59775071005127,72.2325010960523,49.40791271441042,47.00134373373597,42.01493940164736,254.41299999999998,0,0,0,0,1,0,0,0,0,0
1460,https://www.wga.hu/art/b/bembo/bonifazi/triptyc1.jpg,59.68653084052413,48.41663790348354,36.568640939597316,69.72401989453276,59.44148965310214,46.67211581025664,253.40399999999997,0,0,0,0,0,0,0,1,0,0
1511,https://www.wga.hu/art/m/michelan/3sistina/8medalli/09_62mn.jpg,111.97256964783617,70.0940415661098,57.34136460554371,41.02421621624864,46.2977015669554,46.99446122928058,250.399,0,0,0,0,0,0,0,1,0,0
1444,https://www.wga.hu/art/m/master/polling/1tassilo.jpg,98.82473687726764,92.70761257233306,88.1388010956595,66.42785888546163,63.37968400866046,58.80760682257276,254.54399999999998,0,0,0,1,0,0,0,0,0,0
1646,https://www.wga.hu/art/c/crayer/strosali.jpg,107.70690823036239,78.81713915082786,66.19352396004848,45.412062307610405,40.53735331417382,37.47376257679266,252.17999999999998,0,0,0,0,0,0,0,1,0,0
1220,https://www.wga.hu/art/zgothic/mural/13c/04german.jpg,174.3985349407211,156.21878181596372,146.14416028036865,49.03472492439313,50.34218887928023,51.5241256328187,252.652,0,0,0,0,0,1,0,0,0,0
1650,https://www.wga.hu/art/b/beest/market.jpg,149.52047234352256,124.57636026200873,97.87902620087337,56.54684999748979,64.89937937117699,67.69425183981394,252.94799999999998,0,0,0,1,0,0,0,0,0,0
1620,https://www.wga.hu/art/h/hals/frans/01-1623/11goatc.jpg,73.0638233824064,56.81180252635405,52.33173732279171,54.94656953187051,44.74023883004548,33.93802827090614,251.20399999999995,1,0,0,0,0,0,0,0,0,0
1567,https://www.wga.hu/art/a/aertsen/marketst.jpg,98.29073966178684,80.94528688548907,60.12432910932774,70.25838087828028,57.12804136728145,44.55752948712696,253.74599999999998,0,0,0,0,0,0,0,0,1,0
1740,https://www.wga.hu/art/c/chardin/2/05h_card.jpg,86.46192407076128,57.66125919300338,42.81106638839197,47.84595852942941,35.231374932168265,23.177479400429842,250.56599999999997,1,0,0,0,0,0,0,0,0,0
1498,https://www.wga.hu/art/d/david/1/cambyse21.jpg,105.65583812298244,87.32922053381624,78.69423746161719,68.26444504350795,57.94208619068215,45.76292722894283,253.26199999999997,0,1,0,0,0,0,0,0,0,0
1640,https://www.wga.hu/art/g/gargiulo/certosa1.jpg,105.33336916021783,97.55295500143308,94.97824806534824,55.0852201886471,54.549826542523604,57.1226371543126,254.99999999999997,0,0,0,0,1,0,0,0,0,0
1474,https://www.wga.hu/art/m/memling/2middle2/13john12.jpg,111.81674444928558,80.56782921362446,68.2537102084634,67.2153219893121,57.27826394565832,46.69002882692841,253.21699999999998,0,0,0,0,0,0,0,1,0,0
1765,https://www.wga.hu/art/m/mengs/marialui.jpg,98.46879206212252,72.85112453264308,61.65675294794363,74.76466457244386,59.56505591484289,47.449037023415585,251.63799999999998,0,0,0,0,0,0,1,0,0,0
1900,https://www.wga.hu/art/t/toulouse/5/3messal2.jpg,93.40315720661968,85.58064451554988,62.01395501590489,57.10811146847438,39.65943884290937,32.85801610076667,217.975,0,1,0,0,0,0,0,0,0,0
1650,https://www.wga.hu/art/m/miel/genre_sc.jpg,98.38839121114684,91.2402015005359,68.86717792068596,62.441938819535046,61.62894683348934,54.16663788231866,196.98899999999998,1,0,0,0,0,0,0,0,0,0
1566,https://www.wga.hu/art/b/bruegel/pieter_e/09/05baptis.jpg,75.57758016663931,66.54311788736699,54.57828484030733,76.11502404756276,75.90492381409011,70.14030069562422,254.11399999999998,0,0,0,0,0,0,0,1,0,0
1480,https://www.wga.hu/art/m/mantegna/08/6madonna.jpg,106.32508344141807,84.66062689148292,87.27711197578901,72.75292763770301,60.81506356892113,55.949855406998005,254.99999999999997,0,0,0,0,0,0,0,1,0,0
1788,https://www.wga.hu/art/v/vigee/h_robert.jpg,59.14702948717949,54.04161666666667,47.24727307692308,61.44644104376822,52.99941605969295,42.55978402531948,254.99999999999997,0,0,0,0,0,0,1,0,0,0
1461,https://www.wga.hu/art/g/gozzoli/5various/3salome.jpg,129.73423533594385,95.38746819835653,69.11808653072751,61.756976608730895,54.5944111166844,43.00749891508558,253.67499999999998,0,0,0,0,0,0,0,1,0,0
1706,https://www.wga.hu/art/p/parodi/giovanni/vincoli2.jpg,156.8954210599334,150.40523307436183,136.64663568257492,44.89139691574129,50.52664642242808,56.911096238410465,254.99999999999997,0,0,0,0,0,0,0,1,0,0
1326,https://www.wga.hu/art/s/simone/4altars/5agostin/7altomon.jpg,160.13903468474652,125.05859233366071,92.18129670894453,65.56314170649344,53.32304765873464,41.076611496709845,254.13099999999997,0,0,0,0,0,0,0,1,0,0
1888,https://www.wga.hu/art/g/gogh_van/09/arles59.jpg,103.06175318640467,100.69369822092406,74.40056160382369,42.642940330965175,50.638784620270236,41.88838584274812,253.74599999999998,0,0,0,0,0,0,0,0,1,0
1916,https://www.wga.hu/art/b/bonnard/late2.jpg,113.01256493238786,116.81592389511873,99.64811283806068,42.05575262637787,33.62385498155624,37.30739186986136,213.009,0,0,0,0,0,1,0,0,0,0
1459,https://www.wga.hu/art/g/gozzoli/3magi/1/11young.jpg,143.15095923557442,119.06444779141256,106.02029702970297,59.65642393902773,61.48145604373496,60.97157956255842,254.99999999999997,0,0,0,0,0,0,0,1,0,0
1304,https://www.wga.hu/art/g/giotto/padova/5heads1/2head024.jpg,95.94479888167388,83.13811958874459,70.9806755050505,42.553761390743304,42.72514931745167,43.259439420391146,225.89000000000001,0,0,0,0,0,0,0,1,0,0
1641,https://www.wga.hu/art/t/teniers/jan2/1/smokers2.jpg,86.53260262378333,75.6850867541261,60.321029411764705,46.13637908817396,39.69416532272046,30.624058809902458,254.185,1,0,0,0,0,0,0,0,0,0
1670,https://www.wga.hu/art/m/murillo/2/212muril.jpg,137.06023425134535,115.55229503007281,99.0766027223805,53.254627260625355,46.17868873286406,42.17534639996546,204.18899999999996,0,0,0,0,0,0,0,1,0,0
1485,https://www.wga.hu/art/m/mantegna/10/scene8.jpg,118.86350983620764,80.97002773203917,57.64640610104862,48.32124208239522,34.104330459702815,24.49246638208394,244.381,0,1,0,0,0,0,0,0,0,0
1524,https://www.wga.hu/art/d/dossi/dosso/sibyl.jpg,81.12230694228846,54.28982134669458,30.359059860458178,61.62231725019564,48.95356698380141,20.235305029958585,231.902,0,0,0,0,1,0,0,0,0,0
1632,https://www.wga.hu/art/c/couwenbe/3young_m.jpg,80.97166077680704,62.1958370144956,52.73485488040313,70.13263999172756,58.58250989674008,44.814501455169804,253.957,0,0,0,0,0,1,0,0,0,0
1650,https://www.wga.hu/art/c/cuyp/aelbert/1/dairymai.jpg,149.57499321440028,130.45318090408864,104.96461309744122,87.59136766042762,93.30926783831397,84.88711735179805,254.185,0,0,0,1,0,0,0,0,0,0
1452,https://www.wga.hu/art/p/piero/2/5/5maxen10.jpg,143.70550146056476,126.56374310288868,114.00065238558909,59.60591497126696,67.95029476053588,68.81738437091957,254.772,0,0,0,0,0,0,0,1,0,0
1530,https://www.wga.hu/art/c/cranach/lucas_e/06/2judith3.jpg,92.69265775529865,64.45799915703276,43.7034375,75.90647681578099,63.40462636058459,49.143745613098545,249.59099999999998,0,0,0,0,0,0,0,1,0,0
1672,https://www.wga.hu/art/v/velde/willem/ships.jpg,107.4735268688481,106.96043562117585,106.12627294493217,54.748046038040336,55.86511927710663,57.52193445239394,229.261,0,0,0,1,0,0,0,0,0,0
1885,https://www.wga.hu/art/s/seurat/landscap/becduhoc.jpg,129.2411791862285,133.0196330203443,97.82493740219093,51.25902356580136,45.979367799202144,53.33620440661941,254.185,0,0,0,1,0,0,0,0,0,0
1632,https://www.wga.hu/art/r/ribera/1/st_paul.jpg,73.57738457525433,44.510478708373185,22.628548604469177,42.940268306897266,26.045005239432882,22.274459230518918,226.85799999999998,0,0,0,0,0,0,0,1,0,0
1517,https://www.wga.hu/art/g/grunewal/3/02stupp2.jpg,95.58868118887266,72.76289615559027,59.027142081366904,67.93091801585301,60.67971887412724,52.186184348344355,254.99999999999997,0,0,0,0,0,0,0,1,0,0
1499,https://www.wga.hu/art/s/signorel/brizio/1/1antich3.jpg,117.11618441778747,105.76302556646068,92.65362534835818,76.60777858204936,61.31117245326334,58.18345716049926,254.70099999999996,0,0,0,0,0,0,0,1,0,0
1725,https://www.wga.hu/art/c/carriera/seasons3.jpg,99.64793753182822,93.78349112518883,88.15313346523467,59.053841260980285,54.76650628613635,50.29298774182441,230.908,0,0,0,0,1,0,0,0,0,0
1588,https://www.wga.hu/art/c/campi/vincenzo/matthew1.jpg,105.54800568181818,75.75681723484848,60.47716003787879,67.02154120301351,52.90391198070735,33.775737957123184,246.63899999999998,0,0,0,0,0,0,0,1,0,0
1481,https://www.wga.hu/art/g/ghirland/domenico/3fresco/2sistin3.jpg,82.04077184054283,72.57475732730185,66.78832155310526,58.12140137823325,57.32283086962602,58.07367521010293,253.61499999999998,0,0,0,0,0,0,0,1,0,0
1477,https://www.wga.hu/art/s/signorel/loreto/0view1.jpg,158.0427529484792,132.11290502793295,107.61235361059383,49.86864320225543,50.08689965750046,52.36426462473385,254.99999999999997,0,0,1,0,0,0,0,0,0,0
1853,https://www.wga.hu/art/c/courbet/2/courb218.jpg,49.88745985970382,49.723580670303974,38.30139750584567,40.88599633577735,27.714990484867677,21.954331340528714,247.23299999999998,0,0,0,0,0,0,1,0,0,0
1760,https://www.wga.hu/art/l/longhi/pietro/2/30duckhu.jpg,191.76837784907704,174.8907996166507,144.88407294748393,63.146008385435806,71.07252784893504,67.73712152908845,253.234,0,0,0,1,0,0,0,0,0,0
1498,https://www.wga.hu/art/s/signorel/various/61bichi.jpg,83.52848506106125,59.5490804064055,51.748397242310766,70.24082958424039,58.75478445030652,41.80926306031332,252.22999999999996,0,0,0,0,0,0,0,1,0,0
1280,https://www.wga.hu/art/m/master/xunk_it/xunk_it0/051clarg.jpg,133.71818694986607,94.70191924990432,87.86796880979716,60.39275720746055,51.695150578476955,35.915240809642945,250.438,0,0,0,0,0,0,0,1,0,0
1888,https://www.wga.hu/art/g/gogh_van/10/portra02.jpg,89.80400097195223,73.84138225492919,54.568935712302135,74.73380971179934,49.669028286830994,36.57438701083458,252.60599999999997,0,0,0,0,0,0,1,0,0,0
1661,https://www.wga.hu/art/o/ostade/adriaen/1/p_cottax.jpg,50.807998299440236,27.186954580882873,25.074999645716716,41.80597162773812,37.55675650345197,30.146285169802876,253.31599999999997,0,0,1,0,0,0,0,0,0,0
1611,https://www.wga.hu/art/p/pourbus/frans_y/marimed3.jpg,87.24016392092257,66.21735667215816,63.88849258649094,67.24944618652913,53.204605364802305,48.96164544060578,248.79399999999998,0,0,0,0,0,0,1,0,0,0
1542,https://www.wga.hu/art/m/michelan/2paintin/2/4paul3.jpg,141.149576431913,122.9993425211784,109.86785623972689,50.04403513692283,55.76584577055328,54.61756450924048,252.08100000000002,0,0,0,0,0,0,0,1,0,0
1635,https://www.wga.hu/art/a/asselyn/cavalry.jpg,135.00071246400657,122.42612093788564,110.49030604689428,57.722843571660256,61.187425603324236,62.82839564792685,251.53799999999998,0,1,0,0,0,0,0,0,0,0
1670,https://www.wga.hu/art/b/bettera/musical2.jpg,70.00230890464933,50.99769897557132,35.41024586288416,54.19035543281225,47.73609856090459,39.676364660512796,254.42999999999998,0,0,0,0,0,0,0,0,1,0
1584,https://www.wga.hu/art/t/tintoret/4a/5maggio0.jpg,97.64027991165739,72.7508834261571,56.659107931630494,69.79241272292951,54.16478379642542,40.84610323897701,254.42999999999998,0,1,0,0,0,0,0,0,0,0
1440,https://www.wga.hu/art/m/master/osservan/anthony2.jpg,146.70612322086194,104.87907534587438,78.44148402508212,68.26340250499251,50.41470533174491,37.0184828275593,254.41299999999998,0,0,0,0,0,0,0,1,0,0
1892,https://www.wga.hu/art/l/lhermitt/flock.jpg,150.15485096153847,131.70648214285714,107.46271909340659,49.19160907852735,51.169601770430674,56.896823589586724,236.48899999999998,1,0,0,0,0,0,0,0,0,0
1625,https://www.wga.hu/art/l/liss/prodigal.jpg,82.05488901826651,62.97296412197075,51.06213157703224,66.06079592721328,62.46193129021046,53.33539992376297,253.74599999999998,0,0,0,0,0,0,0,1,0,0
1460,https://www.wga.hu/art/c/carneval/6portrai.jpg,86.63334131736526,74.70777944111776,59.90688423153693,66.32585192266087,54.65954801296196,39.647276112065484,254.20199999999997,0,0,0,0,0,0,1,0,0,0
1335,https://www.wga.hu/art/m/maso/bardi/10bardi.jpg,143.3548102345416,119.67088059701493,98.54805401563611,62.042587010419794,58.26074073856682,49.371282242672606,253.045,0,0,0,0,0,0,0,1,0,0
1304,https://www.wga.hu/art/g/giotto/padova/old/joachi5.jpg,143.2324300477009,130.7923268242311,131.20461577288526,65.97884877164263,54.548942813798455,44.67352073701721,253.903,0,0,0,0,0,0,0,1,0,0
1455,https://www.wga.hu/art/b/bonfigli/annuncia.jpg,118.99839512904398,84.50697746274082,71.42623409669211,61.10389299359671,59.29566288119558,54.94648449182079,254.772,0,0,0,0,0,0,0,1,0,0
1878,https://www.wga.hu/art/m/manet/4/4manet06.jpg,106.45919540600703,97.38131690163564,88.9219505113398,61.65897779073791,56.47973359538203,56.343493771784104,254.017,1,0,0,0,0,0,0,0,0,0
1440,https://www.wga.hu/art/m/master/tegernse/crucifix.jpg,115.62451431492842,76.1778936605317,46.736860940695294,76.6166098851666,57.5671380075944,37.2831715186606,248.92399999999998,0,0,0,0,0,0,0,1,0,0
1525,https://www.wga.hu/art/m/marconi/adultere.jpg,71.83107828655835,54.65436566551781,32.87777531593632,60.91114368284577,48.320358198936646,29.424743605714,250.326,0,0,0,0,0,0,0,1,0,0
1662,https://www.wga.hu/art/p/post/frans/olinda.jpg,80.82014710509755,61.93242448080554,82.3290827564506,58.34922929502893,48.90874342478933,70.32033294142259,236.95899999999997,0,0,0,1,0,0,0,0,0,0
1396,https://www.wga.hu/art/m/martinov/pulpit.jpg,101.89906666666667,87.67805443786982,73.57125364891519,55.88637920025847,56.108966659663075,56.40377994382155,254.99999999999997,0,0,0,0,0,0,0,1,0,0
1450,https://www.wga.hu/art/h/huguet/flagella.jpg,115.51713988919667,74.8827849228334,58.77941630391769,60.55218496738755,51.15815637832279,40.93134927555686,254.99999999999997,0,0,0,0,0,0,0,1,0,0
1895,https://www.wga.hu/art/l/leistiko/lakedusk.jpg,111.77714981358898,112.91054097238073,99.14050597276116,70.0428879114104,71.82816489783272,64.38016175233435,250.35199999999998,0,0,0,1,0,0,0,0,0,0
1620,https://www.wga.hu/art/b/bonzi/fruitveg.jpg,70.3049367551276,46.63448118832052,35.626869034279856,57.17807945801034,45.392719329824075,32.568838823271065,251.71999999999997,0,0,0,0,0,0,0,0,1,0
1741,https://www.wga.hu/art/d/devis/arthur/portlord.jpg,90.80476377537822,86.0381811039465,64.6003986790039,57.42156021492295,57.20737311211264,51.0898539775246,252.789,0,0,0,0,0,0,1,0,0,0
1616,https://www.wga.hu/art/b/bruegel/pieter_y/2/sevenact.jpg,93.67119810280904,78.47108418696965,60.27444839594896,44.28190584211734,39.4468420780582,39.828936611653795,239.206,0,0,0,0,0,0,0,1,0,0
1796,https://www.wga.hu/art/r/robert/2/louvre2d.jpg,101.32065207156309,77.60901600753296,62.56796374764595,59.74145826981296,52.88969545908659,46.464484691154226,254.42999999999998,0,0,0,0,0,0,0,0,0,1
1489,https://www.wga.hu/art/m/master/xunk_it/xunk_it3a/1view1.jpg,93.87156821963394,85.52998544093178,71.18182404326123,55.938491136564714,50.86353687795638,41.72862798899872,254.99999999999997,0,0,0,0,1,0,0,0,0,0
1524,https://www.wga.hu/art/d/dossi/dosso/apollo.jpg,66.68781313473256,54.91576243135485,43.226999924772436,55.0458450291289,47.84008820242664,39.232280841621794,253.957,0,0,0,0,1,0,0,0,0,0
1553,https://www.wga.hu/art/f/fortini/grotta1.jpg,119.84830906885047,108.46690324537458,93.86731195025781,38.33406251593683,36.12660353127786,35.053591775573665,223.773,0,0,0,0,0,1,0,0,0,0
1595,https://www.wga.hu/art/p/palma/giovane/1/4ducale4.jpg,101.10637376533535,73.70894413480049,67.34253498327215,65.09139611789183,61.41482527896986,54.41995772072008,253.59799999999996,0,0,0,0,0,0,0,1,0,0
1652,https://www.wga.hu/art/r/rembrand/24portra/086portr.jpg,60.19836706689537,40.907023441966835,36.7205991995426,41.40768650686001,28.79369896968428,18.993606469226833,238.31899999999996,0,0,0,0,0,0,1,0,0,0
1487,https://www.wga.hu/art/l/lippi/flippino/strozzi/0view2.jpg,141.68297896859696,121.01216133679056,100.32871564390666,53.311013790902976,51.51568982998359,48.883669990866636,254.701,0,0,1,0,0,0,0,0,0,0
1651,https://www.wga.hu/art/d/dughet/landscap.jpg,154.8773168300382,124.7002741319156,99.63414354543944,52.64237403734331,56.47316695625215,53.41176385298175,249.84399999999997,0,0,0,1,0,0,0,0,0,0
1675,https://www.wga.hu/art/c/coli/colonna4.jpg,108.94334453781512,98.47655844155844,97.46418258212375,53.282872409633164,50.69491831616954,52.5578363566341,254.99999999999997,1,0,0,0,0,0,0,0,0,0
1507,https://www.wga.hu/art/c/carpacci/3schiavo/2/6seleni1.jpg,119.82370791075051,72.09643948613929,60.213494252873566,59.00502944553715,37.99870285720969,29.339871422561284,252.14999999999998,0,0,0,0,0,0,0,1,0,0
1499,https://www.wga.hu/art/s/signorel/brizio/5/8decora3.jpg,144.72346295387635,117.48508218842002,77.65622791952894,67.2789636730868,63.08667055097828,59.23257744034745,253.80399999999997,0,0,0,0,0,0,1,0,0,0
1545,https://www.wga.hu/art/c/cranach/lucas_y/23bless.jpg,73.36169358507735,54.611803912647865,40.04131255686988,58.155063087330305,41.511793136443295,28.522831145388608,243.78099999999998,0,0,0,0,0,0,0,1,0,0
1630,https://www.wga.hu/art/m/moreelse/young_b.jpg,91.74238456413673,84.14914364782453,82.41271562548044,99.41763378102735,100.95524421903336,101.13225346279356,254.99999999999997,0,0,0,0,0,0,1,0,0,0
1871,https://www.wga.hu/art/i/induno/waiting.jpg,120.15813577881194,111.11355324390911,103.95876950451684,67.1760586146616,68.13726511691394,66.42084435034441,254.99999999999997,1,0,0,0,0,0,0,0,0,0
1708,https://www.wga.hu/art/w/watteau/antoine/1/00chine1.jpg,166.24255459216442,145.86501284521515,123.2646371226718,51.943509685228875,57.65923083511943,63.78879390072296,235.127,1,0,0,0,0,0,0,0,0,0
1867,https://www.wga.hu/art/b/bazille/03renoir.jpg,97.29406633499171,89.87999170812604,82.73428026533996,68.8278628350229,67.07212229919381,63.60399032603292,254.772,0,0,0,0,0,0,1,0,0,0
1906,https://www.wga.hu/art/z/zuloaga/dwarf.jpg,64.43709337589785,55.89420643788242,63.44038733705773,41.63059040722606,40.12868624841035,38.386094626084784,241.926,0,0,0,0,0,0,1,0,0,0
1560,https://www.wga.hu/art/t/tintoret/3b/2upper/001inter.jpg,71.28349355328024,52.08334281380356,44.13864713689799,56.57751822962682,49.15333310008172,45.44099125819929,254.99999999999997,0,0,1,0,0,0,0,0,0,0
1649,https://www.wga.hu/art/t/thulden/forgevul.jpg,74.89021272554606,61.65911111111111,54.56573599240266,47.385591872685715,33.84595983340751,25.07976032051879,208.922,0,0,0,0,1,0,0,0,0,0
1740,https://www.wga.hu/art/b/bellotto/1/bello111.jpg,136.25861288690612,142.04882950834752,143.71602538748104,65.96323618161915,69.87290677782501,77.86834636011156,254.11399999999998,0,0,0,1,0,0,0,0,0,0
1433,https://www.wga.hu/art/a/angelico/04/3predel2.jpg,120.03237504308859,93.58699241640814,83.095301620131,61.802191090809565,55.29127230923726,44.592012174794206,251.64299999999997,0,0,0,0,0,0,0,1,0,0
1524,https://www.wga.hu/art/p/provost/coronat.jpg,105.83928433929862,89.03364695398645,62.67487703907497,61.84942725050711,57.400533221487045,49.517998738197456,234.15699999999998,0,0,0,0,0,0,0,1,0,0
1580,https://www.wga.hu/art/t/tintoret/7/7danae.jpg,76.78104566563468,59.67450851393189,47.96704643962848,58.846979526581805,52.61426414348686,37.412209693984884,241.019,0,0,0,0,1,0,0,0,0,0
1441,https://www.wga.hu/art/a/angelico/09/corridor/crucifi1.jpg,151.37002441731408,125.11496855345912,94.24293303736589,55.64075930789411,50.24376055586934,54.89846262069415,254.54399999999998,0,0,0,0,0,0,0,1,0,0
1725,https://www.wga.hu/art/d/desporte/stil_lif.jpg,72.44443291326908,64.26590066716086,51.31022979985174,49.658483036664805,46.186346323123814,36.72341037275881,237.42899999999997,0,0,0,0,0,0,0,0,1,0
1889,https://www.wga.hu/art/s/signac/1/cassis.jpg,147.80201498682268,134.29437871941974,128.9465844759711,61.191963107545995,58.70026459613513,61.24591826449339,245.95299999999997,0,0,0,1,0,0,0,0,0,0
1448,https://www.wga.hu/art/l/lippi/filippo/1440/10annun.jpg,137.08219763751762,107.96524947108604,75.82198695345556,64.90842904595762,56.74718050863854,59.326986149768125,247.98999999999998,0,0,0,0,0,0,0,1,0,0
1621,https://www.wga.hu/art/g/guercino/3/11aurora.jpg,115.40676418864908,109.9537106314948,86.42937729816147,56.56205113348001,49.4036214192111,48.85911353742924,252.44099999999997,0,0,0,0,1,0,0,0,0,0
1515,https://www.wga.hu/art/p/patenier/temptati.jpg,65.1934581171238,61.44113973313566,50.545868544600935,39.40476385327675,38.09188001353958,40.86978104993287,250.75699999999998,0,0,0,1,0,0,0,0,0,0
1507,https://www.wga.hu/art/m/massys/quentin/1/st_john4.jpg,120.25245942736508,84.20103971500198,66.22891278532788,60.34972394460067,58.703081294801116,47.56011947025003,252.989,0,0,0,0,0,0,0,1,0,0
1597,https://www.wga.hu/art/c/carracci/annibale/farnese/farnes08.jpg,153.92206438309086,121.37979659118392,106.84055829228242,53.74571002183976,54.95336233886145,47.78679641969151,250.885,0,0,0,0,1,0,0,0,0,0
1615,https://www.wga.hu/art/f/francken/frans2/baptism.jpg,90.40776128633271,96.15862225572047,82.70402945269016,45.530892084677,46.463029175127204,56.815533840560505,224.56799999999998,0,0,0,0,0,0,0,1,0,0
1732,https://www.wga.hu/art/r/restout/jean2/pentecos.jpg,126.74002761820591,102.69152231551038,84.61055567830314,62.09111256790056,60.115689105293825,51.53994568331433,254.13099999999997,0,0,0,0,0,0,0,1,0,0
1325,https://www.wga.hu/art/g/giotto/s_croce/2bardi/franc0.jpg,124.07729334350024,97.05354231974921,79.60822502753537,50.912291963711674,47.08907410492307,39.769828570112246,251.14799999999997,0,0,0,0,0,0,0,1,0,0
1517,https://www.wga.hu/art/m/massys/quentin/2/portraix.jpg,84.82053317535545,63.619516192733016,38.32504640600316,68.37900370076395,53.71273881181638,33.35580999872776,241.91899999999998,0,0,0,0,0,0,1,0,0,0
1885,https://www.wga.hu/art/c/cezanne/3/3figure3.jpg,88.20213235294118,89.6329168855042,84.5304162289916,66.7670059256404,65.1170448786783,64.01964547778216,254.772,0,0,0,0,0,0,1,0,0,0
1420,https://www.wga.hu/art/l/lorenzo/monaco/2/41monaco.jpg,102.33248619792855,68.63253334550045,62.212582318139646,43.765191844064184,34.45873587238922,26.772238608677657,249.95799999999997,0,0,0,0,0,0,0,1,0,0
1546,https://www.wga.hu/art/m/michelan/2paintin/2/5peter3.jpg,144.84946240020602,113.46116887715684,87.77052214782385,56.25999563262508,42.87399628028828,32.6733622669332,252.93999999999997,0,0,0,0,0,0,0,1,0,0
1509,https://www.wga.hu/art/r/raphael/4stanze/1segnatu/3/parnass3.jpg,113.8992330655773,97.84968183514347,88.42146368927209,42.53671146489429,44.42609697204845,51.72099682388073,254.42999999999998,0,0,0,0,1,0,0,0,0,0
1873,https://www.wga.hu/art/m/morisot/06moriso.jpg,119.88486446280992,113.20073223140496,84.55687272727273,59.246607728030725,57.35748490969871,57.489506956669864,254.42999999999998,1,0,0,0,0,0,0,0,0,0
1483,https://www.wga.hu/art/b/botticel/6nastagi/nastag2.jpg,87.80899791231732,79.31870563674322,61.456181628392486,46.10452853685226,50.92049122619604,42.32929683018844,248.203,0,1,0,0,0,0,0,0,0,0
1500,https://www.wga.hu/art/b/bellini/giovanni/1500-09/174madox.jpg,107.76383446529297,85.87108783239323,79.29986761828019,67.95628183137045,67.71209275347964,68.6015929165674,254.701,0,0,0,0,0,0,0,1,0,0
1650,https://www.wga.hu/art/t/tilborgh/smoker.jpg,74.72303555611794,63.783052638238644,49.371743641655065,44.67058077285836,38.94677300581048,30.99503547711859,254.772,1,0,0,0,0,0,0,0,0,0
1777,https://www.wga.hu/art/d/delane/dawn.jpg,100.52785748173451,101.81965651390075,96.8623958629851,55.14640753057295,56.17755613295334,55.6216110228886,253.40399999999997,0,0,0,1,0,0,0,0,0,0
1675,https://www.wga.hu/art/p/poulakis/nativity.jpg,118.03015077552836,95.01226584759634,89.07294267758633,62.89426189686474,48.42676825584317,41.892994381926414,249.093,0,0,0,0,0,0,0,1,0,0
1435,https://www.wga.hu/art/w/weyden/rogier/01deposi/3deposit.jpg,119.6364,85.9479282051282,72.57323418803419,66.62531572829279,52.083243967742554,59.599529432274664,254.42999999999998,0,0,0,0,0,0,0,1,0,0
1623,https://www.wga.hu/art/v/vouet/1/7sophoni.jpg,57.70956797921103,47.9073759940328,39.923564442198725,54.617929376391544,48.482762148748236,37.50135875344267,254.42999999999998,0,0,0,0,1,0,0,0,0,0
1840,https://www.wga.hu/art/r/roberts/cairo.jpg,118.73981272016287,109.50286656109621,93.00792747955919,77.787009548286,79.49867437151332,77.57180593462212,253.974,0,0,0,1,0,0,0,0,0,0
1473,https://www.wga.hu/art/a/antonell/madonna.jpg,117.50888172064894,95.38884988190495,65.89680108812526,79.22791973381428,63.2368487972777,44.351136077470855,251.808,0,0,0,0,0,0,0,1,0,0
1631,https://www.wga.hu/art/r/ruysdael/salomon/1/after_ra.jpg,136.9873417721519,134.9542341772152,124.22179367088607,61.90496581804907,68.02254445101809,78.5724039952506,249.739,0,0,0,1,0,0,0,0,0,0
1895,https://www.wga.hu/art/d/degas/5/1890s_06.jpg,96.69849708879185,87.37415756914119,80.0467267103348,52.943073592391485,45.88158946403931,38.259085910128434,251.23,1,0,0,0,0,0,0,0,0,0
1564,https://www.wga.hu/art/b/bruegel/pieter_e/08/16calvar.jpg,134.24901666866532,106.64105288403886,57.32766758604149,56.02136587942679,52.41097983062379,37.66053467160756,253.176,0,0,0,0,0,0,0,1,0,0
1504,https://www.wga.hu/art/r/raphael/1early/12spozal.jpg,134.46997905770644,109.33388813964453,88.00458756839139,57.12819662253775,59.31479280207774,57.92298129137226,254.99999999999997,0,0,0,0,0,0,0,1,0,0
1751,https://www.wga.hu/art/g/guardi/giananto/triumph2.jpg,205.63115709185328,183.39427783187276,169.80428107757223,48.94531515262185,55.69000355231326,61.59373764079952,253.20599999999996,0,0,0,0,1,0,0,0,0,0
1734,https://www.wga.hu/art/l/longhi/pietro/1/00moros1.jpg,151.45959393491125,128.05491346153846,111.97695192307692,51.12704917449014,48.49728193490716,54.19162447567684,249.35199999999998,0,0,0,0,1,0,0,0,0,0
1838,https://www.wga.hu/art/c/corot/corot07.jpg,88.17970208607152,65.68833147979645,46.131929363394335,69.22500743604016,56.25193377516555,36.308919676281164,251.808,0,0,0,0,0,0,1,0,0,0
1515,https://www.wga.hu/art/g/grunewal/2isenhei/1view/1view3r1.jpg,136.5048133116883,105.61460807050092,84.39425672541743,74.04486165557135,69.22147941493863,58.798534317899154,252.85999999999999,0,0,0,0,0,0,0,1,0,0
1650,https://www.wga.hu/art/c/cavallio/thebless.jpg,84.63835028433945,60.513376257655295,48.402468832021,47.44539382813452,36.767834943764825,29.771824090117487,249.31199999999998,0,0,0,0,0,0,0,1,0,0
1476,https://www.wga.hu/art/a/antonell/sebastia.jpg,107.8589697204969,88.6655302795031,73.09177096273292,65.21203084421403,55.58701093339321,41.3189786486629,253.598,0,0,0,0,0,0,0,1,0,0
1478,https://www.wga.hu/art/l/leonardo/01/6carnat1.jpg,130.39470986460347,98.54117712075158,77.71083310306715,70.85767873320017,64.32519312671374,59.1796984143874,253.40399999999997,0,0,0,0,0,0,0,1,0,0
1865,https://www.wga.hu/art/v/vereshch/vasily/girlgrap.jpg,88.3564737704918,98.84427049180327,85.74186967213114,57.295467879804455,68.18331256440027,59.68485357779381,252.036,1,0,0,0,0,0,0,0,0,0
1625,https://www.wga.hu/art/l/liss/venus_mi.jpg,104.98871910511704,85.2616435165173,75.12496277724945,57.087907425745534,52.345143276938984,48.266110355081224,253.505,0,0,0,0,1,0,0,0,0,0
1470,https://www.wga.hu/art/m/memling/1early1/04noport.jpg,71.83001379310345,58.78927241379311,58.09767011494253,73.1511255330937,62.883651217435975,54.84532985155306,254.13099999999997,0,0,0,0,0,0,1,0,0,0
1600,https://www.wga.hu/art/r/rubens/21mythol/01mythol.jpg,73.94347732464517,59.73907800621653,42.67554862749504,62.35152867620395,54.883650839433706,45.03808980825328,254.245,0,0,0,0,1,0,0,0,0,0
1516,https://www.wga.hu/art/t/tintoret/3b/facade.jpg,122.33831834831835,114.64936396936398,119.36717782217782,58.99960990492751,64.26774241701415,72.3573234144891,254.42999999999998,0,0,0,0,0,1,0,0,0,0
1514,https://www.wga.hu/art/t/tiziano/08/05sacre.jpg,85.91162992357437,71.44150352733686,65.97902459337645,62.2675043434148,57.35451281105174,48.68236942423987,253.28799999999998,0,0,0,0,0,0,0,1,0,0
1773,https://www.wga.hu/art/j/juel/port_wom.jpg,73.89059737725484,57.78446563599828,39.53542487000492,65.4374850464404,57.29085620651381,40.75693711531593,247.13799999999998,0,0,0,0,0,0,1,0,0,0
1640,https://www.wga.hu/art/c/cavallio/meeting.jpg,51.59192934085663,44.7527038984355,50.664841626057964,51.19386067435681,39.305844861848556,35.52461047027015,253.82599999999996,0,0,0,0,0,0,0,1,0,0
1892,https://www.wga.hu/art/u/uhde/uhde5.jpg,76.03405799373041,61.46958307210031,46.24357523510972,44.13777153530997,34.74399270889792,30.24337866767704,252.13299999999998,1,0,0,0,0,0,0,0,0,0
1507,https://www.wga.hu/art/c/corneliz/christ_x.jpg,80.36646933819065,84.41295284355394,68.83961369156042,54.52187061715255,53.5741156524805,54.987121484641236,253.533,0,0,0,0,0,0,0,1,0,0
1610,https://www.wga.hu/art/g/greco_el/19/1903grec.jpg,103.22355620608899,102.37068618266979,95.53090866510539,54.93339691292731,53.94573903815059,49.768229453351054,254.54399999999998,0,0,0,1,0,0,0,0,0,0
1511,https://www.wga.hu/art/m/michelan/3sistina/6lunette/09/lu09asa.jpg,161.51507813651776,145.34966583124478,134.71446999852571,67.31441739268011,69.02574408768585,70.04774462864265,254.77199999999996,0,0,0,0,0,0,0,1,0,0
1634,https://www.wga.hu/art/v/velazque/05/0505vela.jpg,92.02938722154573,90.25418129073849,78.24353108659838,61.331136985075354,66.00583865659743,63.033100826481025,254.54399999999998,0,0,0,0,0,0,1,0,0,0
1250,https://www.wga.hu/art/c/coppo/majesty.jpg,88.0235473901099,62.42034913003663,46.73639423076923,70.12536046056172,56.050891723266496,45.306905449526646,254.99999999999997,0,0,0,0,0,0,0,1,0,0
1603,https://www.wga.hu/art/g/greco_el/15/1511grec.jpg,47.93079766443083,41.89509337451141,27.746316652994256,55.78811755763198,51.58708687701232,51.407357041348185,254.99999999999997,0,0,0,0,0,0,1,0,0,0
1637,https://www.wga.hu/art/g/giovanni/sangiova/7pitti.jpg,117.22294636015326,108.21634482758621,112.48184137931034,49.19918804325836,49.305459439576865,59.3781535202571,254.99999999999997,0,0,0,0,1,0,0,0,0,0
1783,https://www.wga.hu/art/r/romney/ladysmyt.jpg,107.0233424155229,84.45192024649232,67.23574647959053,61.1127799352841,66.58398187839218,68.51827715041827,216.74599999999995,0,0,0,0,0,0,1,0,0,0
1410,https://www.wga.hu/art/m/meneghel/1altar11.jpg,152.2119696549172,118.83894994911648,75.43686464982885,60.96809473919832,44.55348834471095,43.10299488073088,250.72599999999997,0,0,0,0,0,0,0,1,0,0
1700,https://www.wga.hu/art/r/ricci/sebastia/2/sabine1.jpg,107.1825418814433,89.41007280927835,79.00851030927835,63.125757839547475,61.44619955833088,57.33724152070365,254.28799999999998,0,1,0,0,0,0,0,0,0,0
1881,https://www.wga.hu/art/r/renoir/3/3renoi11.jpg,111.98645256087322,92.80486251049538,75.93719510915197,61.43568631359869,52.99376209540457,50.23552309334225,254.99999999999997,1,0,0,0,0,0,0,0,0,0
1500,https://www.wga.hu/art/m/mair/2crucifi.jpg,128.381836935167,111.279283521611,107.050259086444,55.94983998824437,48.50969282766283,45.98743930389618,254.99999999999997,0,0,0,0,0,0,0,1,0,0
1426,https://www.wga.hu/art/m/masaccio/z_panels/portrait.jpg,62.3829730713246,31.06795342066958,30.319958515283844,60.46295396781867,37.73549172534113,29.82547905372696,254.99999999999997,0,0,0,0,0,0,1,0,0,0
1670,https://www.wga.hu/art/m/murillo/2/215muril.jpg,57.26983401920439,46.21917626886145,42.483871742112484,56.76568695669226,47.729313326844085,32.35493848558588,227.893,0,0,0,0,0,0,0,1,0,0
1627,https://www.wga.hu/art/s/stoskopf/vanitas.jpg,69.68511994322215,60.39407452093683,43.01419943222143,69.56011934493988,59.24967733695971,46.75701652132909,254.99999999999997,0,0,0,0,0,0,0,0,1,0
1616,https://www.wga.hu/art/s/saraceni/birth_vi.jpg,73.01732272727273,56.783497727272724,42.90528409090909,52.92653175449421,37.046548077967756,24.757220513073126,246.70699999999997,0,0,0,0,0,0,0,1,0,0
1650,https://www.wga.hu/art/b/beaubrun/anneaust.jpg,96.57850124378109,74.89243081467662,67.36624455845771,55.09286506966738,59.05995412198958,49.4585934131243,249.887,0,0,0,0,0,0,1,0,0,0
1882,https://www.wga.hu/art/m/manet/5/5late16.jpg,129.53241862274672,113.8706737128777,93.51873751783167,69.7834483405604,62.82672624226358,56.92319348260918,254.31599999999997,0,0,0,1,0,0,0,0,0,0
1730,https://www.wga.hu/art/c/canalett/4/canal410.jpg,138.41996693089231,131.68512718415627,120.3928797118877,53.9418386376382,59.93141753298027,57.205859066962866,249.06799999999998,0,0,0,1,0,0,0,0,0,0
1633,https://www.wga.hu/art/c/cortona/1/01barber.jpg,82.71067136498516,81.96034773738873,79.88794232195846,51.798876827331014,48.3283732904526,45.987109832914136,254.701,0,0,0,0,1,0,0,0,0,0
1628,https://www.wga.hu/art/h/hals/frans/03-1630/32nogyps.jpg,101.38542341820988,81.27080536265431,69.38261959876543,65.25925600933626,56.8231393994304,43.966994942742105,252.87699999999998,0,0,0,0,0,0,1,0,0,0
1665,https://www.wga.hu/art/h/hooch/3/45hooch.jpg,124.17380487156645,103.73376677707834,85.94659265967448,67.25789261372518,65.27319168155938,52.39294872465145,254.70099999999996,1,0,0,0,0,0,0,0,0,0
1630,https://www.wga.hu/art/o/oost/elder/adorati1.jpg,99.83053471667996,83.3340542697526,69.64242817238627,59.114016554781244,55.883452047508584,51.648251686747784,254.77199999999996,0,0,0,0,0,0,0,1,0,0
1633,https://www.wga.hu/art/r/rembrand/22portra/39portrb.jpg,111.10308479755538,104.30943621084798,93.80042627960275,95.83993708295021,94.25745066324431,97.55953118221517,247.98299999999998,0,0,0,0,0,0,1,0,0,0
1528,https://www.wga.hu/art/c/cranach/lucas_e/06/3samson.jpg,85.89732613277134,74.16554794520547,57.98831401475237,69.58660165460542,58.70167492062041,56.627145362660436,253.74599999999998,0,0,0,0,1,0,0,0,0,0
1488,https://www.wga.hu/art/g/ghirland/domenico/7panel/07tornab.jpg,71.98855361351139,63.09357521602514,49.52125490966222,64.13811143571604,52.46272611244566,35.17799096909299,252.87699999999998,0,0,0,0,0,0,1,0,0,0
1631,https://www.wga.hu/art/b/blanchar/venus_3g.jpg,107.79074846534098,71.6421586084098,53.096257050715344,76.17187528954955,60.826846601766505,31.688735157153427,249.64199999999997,0,0,0,0,1,0,0,0,0,0
1435,https://www.wga.hu/art/m/masolino/olona/02olona.jpg,121.06435013046314,102.55460290280496,80.63651744944553,63.94362891020633,58.78675571935975,51.68443476620509,254.772,0,0,0,0,0,0,0,1,0,0
1542,https://www.wga.hu/art/m/moretto/cesaresc.jpg,64.81510146716029,54.94987727958316,50.965967365967366,76.29488285130157,70.62890261355223,63.444488101743616,252.13299999999998,0,0,0,0,0,0,1,0,0,0
1874,https://www.wga.hu/art/m/manet/3/3manet15.jpg,109.59301319853974,98.50888345970233,96.91128840213423,72.89468972809728,68.73091106358636,73.78988291050685,254.99999999999997,0,0,0,0,0,0,1,0,0,0
1832,https://www.wga.hu/art/b/blechen/04potsda.jpg,97.34517624075151,84.12034666223293,66.68969989192784,54.03299021445711,48.705876545053385,39.80077174952425,234.528,0,0,0,1,0,0,0,0,0,0
1756,https://www.wga.hu/art/c/crosato/levada6.jpg,172.28226138946843,141.70284869056147,122.39589574315697,52.8429404112084,52.85547158241733,66.26144377573306,254.77199999999996,0,0,0,0,0,1,0,0,0,0
1536,https://www.wga.hu/art/c/clouet/jean/g_bude.jpg,75.36345346534654,67.50811768033947,64.8855818953324,63.482882015024714,54.16640174584197,57.19969518899322,251.34399999999997,0,0,0,0,0,0,1,0,0,0
1490,https://www.wga.hu/art/c/changene/3prophet.jpg,121.22974003676862,91.92828752449975,70.32131516173634,64.859181226331,59.248571801090534,45.25551479928256,250.13699999999997,0,0,0,0,0,0,0,1,0,0
1520,https://www.wga.hu/art/b/beccafum/2/4view.jpg,111.0682870604072,91.86146979639912,75.53078663974424,57.36852929644086,53.4057830229998,50.85968714741278,254.772,0,0,0,0,0,0,0,1,0,0
1689,https://www.wga.hu/art/r/remps/cabinet.jpg,91.10239139404656,81.71725375773651,74.22198938992042,65.62925718985055,62.77029253909618,63.2868653053717,253.80399999999997,0,0,0,0,0,1,0,0,0,0
1655,https://www.wga.hu/art/b/boeckhor/2lycome1.jpg,103.49774515863206,81.42469818706222,71.66193036670786,48.80540399241616,41.24332258213315,35.80065107581276,235.10099999999997,0,0,0,0,1,0,0,0,0,0
1825,https://www.wga.hu/art/t/tischbei/wilhelm/zgirflol.jpg,72.74171465789112,66.01361990950227,54.29561291649527,68.24835955621285,62.03373154884729,58.31936380296863,254.99999999999997,0,0,0,0,0,0,1,0,0,0
1660,https://www.wga.hu/art/h/hooch/2/30hooch.jpg,149.23201592719,125.98092263936292,108.2049954493743,77.45442832192045,81.03810374356236,76.69110356452195,254.772,1,0,0,0,0,0,0,0,0,0
1467,https://www.wga.hu/art/b/botticel/1early/03loggia.jpg,112.1863193878475,89.43548446979987,61.074138820972564,70.74676693021844,59.71121965295515,46.22953503034705,241.91,0,0,0,0,0,0,0,1,0,0
1651,https://www.wga.hu/art/p/puget/painting/01mother.jpg,90.36968776953597,66.95375539071934,64.97782991202347,56.734280376768126,46.64214423932366,39.31710089894987,252.80599999999998,0,0,0,0,0,0,1,0,0,0
1899,https://www.wga.hu/art/m/monet/08/3bridge1.jpg,105.19458738123198,114.1978029251628,92.49820433436533,44.24314350683404,44.86729893112646,51.40184008442697,254.41299999999998,0,0,0,1,0,0,0,0,0,0
1320,https://www.wga.hu/art/g/giotto/z_panel/3polypty/6limbo.jpg,113.92138491198949,75.31384220354809,60.72962055192448,60.032204414160816,47.48045871651367,30.14631715812922,247.367,0,0,0,0,0,0,0,1,0,0
1627,https://www.wga.hu/art/b/bosschae/ambrosix/still_li.jpg,73.4830409547944,61.646292814518105,48.46620779857762,68.25180522289358,61.05311781551728,47.479453563264734,254.99999999999997,0,0,0,0,0,0,0,0,1,0
1640,https://www.wga.hu/art/t/tilborgh/guardroo.jpg,75.46462232620321,72.38642825311943,63.672951203208555,55.46878079027508,47.72159541286171,42.61037257816802,254.54399999999998,1,0,0,0,0,0,0,0,0,0
1437,https://www.wga.hu/art/l/lippi/filippo/1430/4madonna.jpg,96.39521990740741,69.14158641975308,41.18097453703704,86.0045830828547,65.99439273937467,38.3491921572281,252.57199999999997,0,0,0,0,0,0,0,1,0,0
1845,https://www.wga.hu/art/t/tassaert/octave/studio_i.jpg,95.62921005183682,78.5035722334911,65.03118661257606,61.45988086449668,51.707890211843285,36.38935796216958,243.852,0,0,1,0,0,0,0,0,0,0
1650,https://www.wga.hu/art/l/luttichu/simon/breakfas.jpg,26.962605665897296,17.06286881992326,23.32862498346099,31.011103283081443,25.280574090601053,12.889168372300503,244.27099999999996,0,0,0,0,0,0,0,0,1,0
1706,https://www.wga.hu/art/r/ricci/sebastia/3/maruce10.jpg,126.00651361502348,112.5242910798122,96.28413051643193,49.27770938345107,50.55998250198193,59.14485354479753,250.66799999999998,0,0,0,0,0,0,0,1,0,0
1470,https://www.wga.hu/art/b/botticel/1early/08madonn.jpg,101.92709858188472,75.63623398902104,61.55590690759378,67.58687290238149,60.71507860594765,46.53823469380691,251.35199999999998,0,0,0,0,0,0,0,1,0,0
1720,https://www.wga.hu/art/s/solimena/1/dido_rec.jpg,114.58782872300114,82.26175217885563,69.47865100416824,59.42709101956437,51.45192769558283,39.86299163393808,253.974,0,0,0,0,1,0,0,0,0,0
1670,https://www.wga.hu/art/r/ruysdael/jacob/2/view_had.jpg,114.62768070175439,110.22544010025062,102.59468972431078,36.10603331159556,40.05204452954665,42.75332047104317,186.2,0,0,0,1,0,0,0,0,0,0
1616,https://www.wga.hu/art/d/domenich/1/diana2.jpg,67.57956690077435,49.437590491626146,45.622621105708625,49.115935120473694,43.08367858703353,40.94293689586189,254.41299999999998,0,0,0,0,1,0,0,0,0,0
1567,https://www.wga.hu/art/v/veronese/06/4brera1.jpg,97.87528648442346,75.729099756691,64.98014503124851,67.01647150570508,57.67046836501684,41.441528497184606,254.701,0,0,0,0,0,0,0,1,0,0
1559,https://www.wga.hu/art/h/heemsker/2/entombm1.jpg,104.37931452970346,78.18841937856631,64.08637343641665,59.25798314796099,50.15844449816854,46.54645521463272,252.15899999999996,0,0,0,0,0,0,0,1,0,0
1683,https://www.wga.hu/art/l/largilli/le_brun.jpg,80.68852842514124,50.11486140536723,37.336932379943505,49.880582738811526,39.549142687683144,29.67310633317254,252.07899999999998,0,0,0,0,0,0,1,0,0,0
1511,https://www.wga.hu/art/m/michelan/3sistina/1genesis/9light/09_3ce9.jpg,126.3238053533983,112.49625940545208,115.53508572838288,58.156511586127486,55.55762047519873,57.42871271895262,254.99999999999997,0,0,0,0,0,0,0,1,0,0
1528,https://www.wga.hu/art/p/pontormo/4capponi/0view.jpg,60.84845630372493,52.13104297994269,55.24031518624642,60.55719965982512,53.00859134238683,51.588910531935085,254.99999999999997,0,0,1,0,0,0,0,0,0,0
1647,https://www.wga.hu/art/e/everding/allaert/scanland.jpg,128.81991738644138,112.80989619210182,90.77852031909039,65.3103249224746,67.26574475021162,49.26773976808312,240.85399999999998,0,0,0,1,0,0,0,0,0,0
1513,https://www.wga.hu/art/c/cranach/lucas_e/08/1paris3.jpg,82.17252170601675,60.185246763137854,57.427772277227724,68.60571261128504,52.92515322922961,47.12508472426914,233.468,0,0,0,0,1,0,0,0,0,0
1333,https://www.wga.hu/art/s/simone/7last/orsini/4orsini.jpg,117.23494985355462,94.79026182657317,66.49597230851158,59.115810017323774,49.28711675307767,33.191834529023716,247.44199999999998,0,0,0,0,0,0,0,1,0,0
1700,https://www.wga.hu/art/m/master/zunk_y/14icon.jpg,148.06688508574348,101.5709890782238,72.14957553837918,65.42386842086482,51.96708202904925,37.39456189126887,254.11399999999998,0,0,0,0,0,0,0,1,0,0
1620,https://www.wga.hu/art/j/jordaens/2/satyr.jpg,107.13609301702185,73.8914086583568,50.795286154670954,63.80328597101008,48.64703279403847,30.704822804261582,241.30399999999997,0,0,0,0,1,0,0,0,0,0
1425,https://www.wga.hu/art/g/gentile/quarate/05quarat.jpg,134.99917606837607,105.51795982905983,78.68643076923077,83.14190688012285,83.65651816380297,85.15576397159133,254.70099999999996,0,0,0,0,0,0,0,1,0,0
1515,https://www.wga.hu/art/c/cranach/lucas_e/01/08altar4.jpg,61.3989601532567,45.81750574712644,46.26116704980843,56.08071519696417,51.77933830359377,51.5706496560625,254.41299999999998,0,0,0,0,0,0,0,1,0,0
1459,https://www.wga.hu/art/g/gozzoli/3magi/3/32old.jpg,104.84869025335747,82.66932707355242,67.25369398672353,57.25126591554575,52.955740988359864,49.187798050500746,254.11399999999998,0,0,0,0,0,0,0,1,0,0
1472,https://www.wga.hu/art/p/piero/3/12monte4.jpg,113.01166335978836,83.22448247354497,65.2971767526455,59.1947526917815,45.10469161298712,34.53952585366425,254.701,0,0,0,0,0,0,0,1,0,0
1506,https://www.wga.hu/art/g/gossart/06portra/02portra.jpg,94.40735953729934,79.46111425873465,71.90601510859301,58.4733620246851,56.50259926738675,55.50792256177017,254.18499999999997,0,0,0,0,0,0,1,0,0,0
1570,https://www.wga.hu/art/p/procacci/ercole1/rocca.jpg,155.58531335149863,135.31172405251425,117.80568119891008,58.093363793349994,58.232300331156104,61.640696452733465,254.99999999999997,0,0,0,0,0,0,0,1,0,0
1620,https://www.wga.hu/art/f/francken/frans2/allegory.jpg,83.84366096866097,64.60678917378917,45.5393371320038,54.17061695599498,44.13583241975619,25.551163884584632,221.152,0,1,0,0,0,0,0,0,0,0
1651,https://www.wga.hu/art/p/poussin/4/05landsc.jpg,83.38652729257642,68.52851091703057,64.8027827510917,45.761695018121536,42.98213518160227,41.57559119608922,254.99999999999997,0,0,0,1,0,0,0,0,0,0
1856,https://www.wga.hu/art/j/jongkind/01jongki.jpg,149.68145244917451,137.5766789466503,115.06949924955656,68.51720544537523,67.27281578379254,61.963453625428656,251.57999999999998,0,0,0,1,0,0,0,0,0,0
1731,https://www.wga.hu/art/g/giaquint/presenti.jpg,122.11493215787695,104.27968913858484,88.35140087900824,64.40068276391959,65.13987880173408,59.17055534235268,253.419,0,0,0,0,0,0,0,1,0,0
1885,https://www.wga.hu/art/s/signac/2/milliner.jpg,104.30939253187614,94.96622768670309,89.1208597449909,65.04632552870153,60.95416921488437,60.9999381246394,254.99999999999997,1,0,0,0,0,0,0,0,0,0
1512,https://www.wga.hu/art/b/bramanti/madonna8.jpg,97.04983451536643,74.22215892625638,63.37755547929535,47.81215381550765,43.96525805919319,55.708912975562995,246.523,0,0,0,0,0,0,0,1,0,0
1499,https://www.wga.hu/art/d/durer/1/02/11elsbet.jpg,171.88002401725322,143.28804896578768,97.89376286638564,67.44656085493992,68.12195746897557,59.69156190211252,254.24499999999998,0,0,0,0,0,0,1,0,0,0
1580,https://www.wga.hu/art/b/bassano/jacopo/2/12jacob2.jpg,37.54938042430087,27.490617164898747,24.38401237544198,49.292492381956656,41.912839873864456,30.193279091866753,253.74599999999998,0,0,0,0,0,0,0,1,0,0
1634,https://www.wga.hu/art/s/stanzion/baptist.jpg,34.09030764067569,22.761482268710147,22.417077972927622,37.6779672137874,28.30495414061918,22.697740212858314,192.92399999999998,0,0,0,0,0,0,0,1,0,0
1640,https://www.wga.hu/art/g/gargiulo/certosa.jpg,110.37216197561163,99.07381931129687,96.92831812255541,55.960666850246255,55.43202972306836,57.53030876195264,253.81499999999997,0,0,1,0,0,0,0,0,0,0
1435,https://www.wga.hu/art/u/uccello/2prato/02prato.jpg,152.36066675509574,123.95616792678074,107.39822368130167,70.31039759805685,67.15943512735086,61.45004730166206,254.42999999999998,0,0,0,0,0,0,0,1,0,0
1568,https://www.wga.hu/art/p/palma/giovane/1/1cicogn1.jpg,76.7858732718894,51.88924423963134,44.81272004608295,62.23388792632465,48.160129411773596,36.84231714891027,253.957,0,0,0,0,0,0,0,1,0,0
1500,https://www.wga.hu/art/b/bosch/3garden/wings/10left.jpg,143.67302640264026,118.05931243124313,77.11947194719473,66.79446351826977,63.16610539185025,65.55129795623853,254.20199999999997,0,0,0,0,0,0,0,1,0,0
1470,https://www.wga.hu/art/j/jacopo/sellaio/virgin_d.jpg,59.7757850450723,50.37620690159879,38.23624941250706,55.935428828811865,47.59438706743564,37.62374693664401,244.16,0,0,0,0,0,0,0,1,0,0
1350,https://www.wga.hu/art/m/master/pieta/altar2.jpg,178.89783666154634,149.44116999487966,119.32957501280082,45.72711149284084,48.08366519452262,59.213300528006386,237.94399999999996,0,0,0,0,0,0,0,1,0,0
1814,https://www.wga.hu/art/c/constabl/dedham41.jpg,109.60257541899442,100.46172067039106,77.464708566108,54.37531386220246,57.247919125415656,63.15265929862827,230.125,0,0,0,1,0,0,0,0,0,0
1652,https://www.wga.hu/art/b/bray/salomon/5young_w.jpg,39.005812152437485,27.220156665079468,23.923823249085117,54.62969702208896,44.78969453881824,33.04835926420248,244.701,0,0,0,0,0,0,1,0,0,0
1743,https://www.wga.hu/art/a/arnulphy/admiral.jpg,81.00493985355648,52.71764993026499,34.93218357740586,62.39372456060665,41.80297649259382,33.81094390292094,254.772,0,0,0,0,0,0,1,0,0,0
1680,https://www.wga.hu/art/w/witte/portusyn.jpg,82.44111059755694,66.7951805876527,49.044852426543414,48.916106680227394,47.43524000365929,45.41471434221248,254.772,0,0,1,0,0,0,0,0,0,0
1520,https://www.wga.hu/art/m/massys/quentin/3/virgin6.jpg,79.79888288008891,76.09751323982003,65.11608452378645,59.82164919939612,55.52631879703172,52.48374939882441,239.92,0,0,0,0,0,0,0,1,0,0
1628,https://www.wga.hu/art/g/goyen/1/2resting.jpg,136.96587351659906,121.83572780531772,102.9792248760703,61.89229672862062,63.77130088102406,69.46482175273111,252.589,1,0,0,0,0,0,0,0,0,0
1630,https://www.wga.hu/art/j/jordaens/2/nymphs.jpg,150.1545112394308,141.58953908022272,129.7323795284251,61.857088275322205,63.328727951453715,65.21789801939838,254.70099999999996,0,0,0,0,1,0,0,0,0,0
1595,https://www.wga.hu/art/t/tito/tiberio/caterina.jpg,105.39944475240208,84.2792803030303,73.15036677753142,86.28869770107885,76.72061860433077,59.51307367652865,254.42999999999998,0,0,0,0,0,0,1,0,0,0
1640,https://www.wga.hu/art/b/bottalla/bacchus.jpg,99.19933072020905,89.57945531024184,58.338225441964646,68.25940142633382,54.37186155603799,45.88294315255838,251.69399999999996,0,0,0,0,1,0,0,0,0,0
1630,https://www.wga.hu/art/g/gentiles/orazio/madonna1.jpg,88.33557460732985,75.65909554973823,60.15864136125654,75.35719783363344,66.99292810703787,54.40264856249955,241.325,0,0,0,0,0,0,0,1,0,0
1580,https://www.wga.hu/art/g/greco_el/07/0708grec.jpg,52.57698217698218,53.1964782964783,51.33073983073983,43.51523686338146,41.818309037891375,43.59769880318331,254.54399999999998,0,0,0,0,0,0,0,1,0,0
1450,https://www.wga.hu/art/c/christus/1/virgin_c.jpg,63.19833014310455,43.21271898641874,34.96502688907119,47.471792619069916,39.89507333289013,34.081809803353714,252.57199999999997,0,0,0,0,0,0,0,1,0,0
1897,https://www.wga.hu/art/z/zorn/daydance.jpg,78.03962340585146,67.96246211552888,56.698205551387844,62.84659660279422,59.27301776034443,52.04692971832282,254.42999999999998,0,0,0,0,0,1,0,0,0,0
1529,https://www.wga.hu/art/b/baldung/1/08pruden.jpg,98.31117500535564,86.69719448726619,65.51522890614827,88.04239786096956,75.64399510507026,66.5521710184269,252.64899999999997,0,0,0,0,1,0,0,0,0,0
1530,https://www.wga.hu/art/b/bronzino/3/e_pieta.jpg,69.00261777358095,58.811516105340466,49.18325149512118,56.489442993615555,47.85598332568705,38.032335292449645,239.222,0,0,0,0,0,0,0,1,0,0
1629,https://www.wga.hu/art/r/rubens/30allego/05allego.jpg,72.51719492868463,65.32943787829606,58.56727989612968,69.523070270603,64.23987803303712,62.74193133060825,254.772,0,1,0,0,0,0,0,0,0,0
1528,https://www.wga.hu/art/p/pontormo/4capponi/1deposi2.jpg,127.97674213836478,97.1241829616924,81.90696512292739,59.00845396844882,50.15621898634282,41.800604083486085,252.989,0,0,0,0,0,0,0,1,0,0
1656,https://www.wga.hu/art/r/rembrand/24portra/098portr.jpg,58.5969963757173,48.19629341588644,27.17046662639686,42.01739379703008,21.58094030852466,11.452333963442875,221.96999999999997,0,0,0,0,0,0,1,0,0,0
1640,https://www.wga.hu/art/t/teniers/jan2/1/mad_meg.jpg,72.25010983348702,62.23008081575094,47.55341568584911,65.42464626229378,54.239599650672254,40.00721364341911,254.54399999999998,1,0,0,0,0,0,0,0,0,0
1801,https://www.wga.hu/art/d/david_j/4/402david.jpg,96.68123678200536,76.75261288668632,61.722385215126465,53.623134910127945,47.31252874891916,37.51898709873506,253.51799999999997,0,1,0,0,0,0,0,0,0,0
1304,https://www.wga.hu/art/g/giotto/padova/2virgin/mary011.jpg,109.11189337281716,108.88660825771538,102.08253961633609,58.14263478983852,57.41936542845184,48.20174617262325,250.59799999999998,0,0,0,0,0,0,0,1,0,0
1659,https://www.wga.hu/art/c/castigli/adoratio.jpg,94.08892694699712,81.38828645688295,69.13181750672979,58.01663638299172,48.680102900890496,41.52631816940547,239.435,0,0,0,0,0,0,0,1,0,0
1475,https://www.wga.hu/art/a/antoniaz/portrait.jpg,107.88402141645463,76.28893765903308,66.26095313825276,78.0784429315935,59.142198099411566,42.21900146063687,249.89899999999997,0,0,0,0,0,0,1,0,0,0
1897,https://www.wga.hu/art/g/gauguin/06/tahiti64.jpg,97.81046714172605,84.1664177003607,69.38009765109527,59.876180387505386,51.10402456635462,39.95350384584901,253.176,0,0,0,0,1,0,0,0,0,0
1354,https://www.wga.hu/art/o/orcagna/2/strozz4.jpg,134.09382214126023,111.75642957688167,81.51847892688582,71.8875783424107,59.64241986497351,39.81557447397786,254.402,0,0,0,0,0,0,0,1,0,0
1621,https://www.wga.hu/art/a/albani/1/venus1.jpg,92.50418835952848,84.44223722986247,77.68108423379175,52.6850584392989,48.71677060940856,46.5947213555954,234.804,0,0,0,0,1,0,0,0,0,0
1886,https://www.wga.hu/art/b/burnejon/baleful.jpg,92.68047451098869,82.57460682777139,61.55578185801105,64.45097447140448,57.177705137088054,47.470552615418306,254.54399999999998,0,0,0,0,1,0,0,0,0,0
1648,https://www.wga.hu/art/b/bol/port_man.jpg,47.845735097739684,41.531580583350205,27.669620636274214,43.92866230100412,32.7018739828549,19.293591010130285,211.001,0,0,0,0,0,0,1,0,0,0
1868,https://www.wga.hu/art/c/carrier/strawbo2.jpg,146.43922804337217,120.56694448738818,93.50177180809303,54.85530636492016,49.91561158626803,46.23567714716462,239.915,0,0,0,0,0,0,1,0,0,0
1450,https://www.wga.hu/art/m/master/xunk_it/xunk_it3/stjerome.jpg,59.31161059190031,45.582018691588786,38.183240913811005,48.89050697694908,34.75855539641652,27.065606460772624,252.94799999999998,0,0,0,0,0,0,0,1,0,0
1639,https://www.wga.hu/art/m/man/whaleoil.jpg,136.80752908329455,125.86718812132493,109.76499767333644,66.53866598058339,69.59557927535435,75.09016620179361,254.245,0,0,0,1,0,0,0,0,0,0
1880,https://www.wga.hu/art/s/szinyei/10szinye.jpg,60.8953216550891,47.42519933554817,42.84586831772878,57.069949686442314,47.578637586671995,38.0020610243131,254.99999999999997,0,0,0,0,0,0,1,0,0,0
1600,https://www.wga.hu/art/s/saraceni/agony.jpg,91.4030629705681,75.85310394826902,56.92447494506286,59.63000318602885,47.66991247298783,43.290585441624714,231.945,0,0,0,0,0,0,0,1,0,0
1924,https://www.wga.hu/art/r/roussel1/s_diana.jpg,106.19780433791442,93.12974272129226,75.33504135999479,42.846830955691786,31.97132487959105,53.76241306127322,227.539,0,0,0,0,1,0,0,0,0,0
1647,https://www.wga.hu/art/o/ostade/adriaen/1/p_family.jpg,74.36412812439205,53.108360293111026,40.386716695367724,35.556189927758474,25.954270148264467,19.13376863756559,249.421,0,0,1,0,0,0,0,0,0,0
1486,https://www.wga.hu/art/g/ghirland/domenico/6tornab/63tornab/7vault2.jpg,93.88202694427434,82.49113084302918,73.7619208001633,49.353400070441175,48.99489782817733,44.34958783005405,254.99999999999997,0,0,0,0,0,0,0,1,0,0
1881,https://www.wga.hu/art/v/vignon_v/thehills.jpg,131.13201138211383,137.81897642276422,115.31622764227642,71.27449362350936,70.53914252403031,82.83338608607502,254.70099999999996,0,0,0,1,0,0,0,0,0,0
1640,https://www.wga.hu/art/v/victors/window.jpg,75.17754682556179,41.38526524862006,37.33937619806462,54.71499970025573,38.447778323176806,25.707117656125828,252.14999999999998,0,0,0,0,0,0,1,0,0,0
1603,https://www.wga.hu/art/d/domenich/1/reni.jpg,42.59948697799731,34.786152896273016,25.915615177368657,56.073387480396285,49.79895059825053,38.365723199898014,254.20199999999997,0,0,0,0,0,0,1,0,0,0
1751,https://www.wga.hu/art/w/wit/seasons4.jpg,155.04096831466813,148.0742078667031,129.9270882272603,48.895385680875265,50.93879999710965,48.626903496861864,254.99999999999997,0,0,0,0,1,0,0,0,0,0
1524,https://www.wga.hu/art/b/baldung/1/03adam_f.jpg,70.35866790643554,47.46630581773666,33.75773981129887,82.83686709644549,60.87384364851545,42.409069504010226,224.203,0,0,0,0,0,0,0,1,0,0
1565,https://www.wga.hu/art/b/bruegel/pieter_e/08/10adulte.jpg,117.05307253721888,92.87439511707804,74.90860359153042,75.35028673548258,68.93772022860709,59.452948171411585,251.666,0,0,0,0,0,0,0,1,0,0
1802,https://www.wga.hu/art/c/constabl/dedham.jpg,97.50470962113658,85.74310692921236,77.47851570289133,64.95595821961403,65.92757886312656,58.40440978038273,254.071,0,0,0,1,0,0,0,0,0,0
1320,https://www.wga.hu/art/g/giotto/assisi/lower/magdalen/noli_me.jpg,106.0603448275862,95.82487348858038,84.17790752351097,58.02079399913028,50.09532345576827,45.307529363536496,254.10299999999998,0,0,0,0,0,0,0,1,0,0
1880,https://www.wga.hu/art/c/cassatt/meadow.jpg,76.29931914893616,83.15076759410802,68.03468085106383,48.992301631750024,44.68987992076327,36.27093842179963,239.05999999999997,0,0,0,1,0,0,0,0,0,0
1577,https://www.wga.hu/art/g/greco_el/05/0502grec.jpg,139.51773939075204,133.00070067559366,124.00265463813261,49.93649192634899,54.0319038988653,70.23504560665346,254.99999999999997,0,0,0,0,0,0,0,1,0,0
